nidid,name,other_names,river_or_stream,city,state,primary_purpose,purposes,primary_dam_type,year_completed,nid_height,dam_length,nid_storage,normal_storage,surface_area,drainage_area,max_discharge,hazard_potential,condition_assessment,owner_types,website_url
AZ10317,Theodore Roosevelt Dam,Theodore Roosevelt Lake,Salt River,Globe,Arizona,Hydroelectric,"Hydroelectric, Irrigation, Recreation",Masonry,1911,357,723,3411500,1653043,31852,5802.39,75000,High,Not Available,Federal,https://www.usbr.gov/ssle/damsafety/
CA00035,Oroville,,Feather River                 ,Oroville,California,Flood Risk Reduction,"Flood Risk Reduction, Hydroelectric, Irrigation, Recreation, Water Supply",Earth,1968,770,6920,3540000,3540000,15800,3611,227000,High,Fair,State,https://www.ferc.gov/dam-safety-and-inspections
CA00173,Camanche Dike No. 2,,Mokelumne River               ,Clements,California,Water Supply,"Fish and Wildlife Pond, Flood Risk Reduction, Hydroelectric, Recreation, Water Supply",Earth,,90,7300,417000,417000,7600,,,High,Satisfactory,Public Utility,https://www.ferc.gov/dam-safety-and-inspections
CA00189,Devils Gate,,Arroyo Seco,Pasadena,California,Flood Risk Reduction,"Flood Risk Reduction, Other, Water Supply",Gravity,1920,108,252,2600,,110,29.7,,High,Satisfactory,Local Government,https://damsafety.org/california
CA00191,Big Tujunga No. 1,,Big Tujunga Cr,Tujunga,California,Flood Risk Reduction,"Flood Risk Reduction, Other, Water Supply",Gravity,1931,220,505,5750,,83,81.7,,High,Satisfactory,Local Government,https://damsafety.org/california
CA00227,Camp Far West,,Bear River                    ,Sheridan                                          ,California,Irrigation,"Hydroelectric, Irrigation, Recreation",Earth,1963,203,6040,137280,93740,2020,285,104500,High,Fair,Public Utility,https://www.ferc.gov/dam-safety-and-inspections
CA00265,Tulloch,,Stanislaus River              ,Knights Ferry,California,Hydroelectric,"Flood Risk Reduction, Hydroelectric, Recreation",Concrete,1958,205,1914,68400,67000,1260,980,13900,High,Satisfactory,Public Utility,https://www.ferc.gov/dam-safety-and-inspections
CA00278,La Grange,,Tuolumne River                ,La Grange,California,,,Masonry,1893,131,310,500,350,58,,,Significant,Satisfactory,Public Utility,https://www.ferc.gov/dam-safety-and-inspections
CA00281,Don Pedro Dike B,,Tuolumne River                ,La Grange                                         ,California,Hydroelectric,"Fish and Wildlife Pond, Flood Risk Reduction, Hydroelectric, Irrigation, Recreation",Earth,1971,36,560,2300000,2030000,13000,,,High,Satisfactory,Public Utility,https://www.ferc.gov/dam-safety-and-inspections
CA00312,Matilija,,Matilija Creek,Ojala,California,Other,"Irrigation, Other, Water Supply",Arch,1949,163,620,1800,,86,55,,High,Poor,Local Government,https://damsafety.org/california
CA00863,New Bullards Bar,,North Yuba River              ,Marysville,California,Hydroelectric,"Fish and Wildlife Pond, Flood Risk Reduction, Hydroelectric, Irrigation, Recreation, Water Supply",Concrete,1970,645,2323,1010000,996000,4830,485,160000,High,Satisfactory,Public Utility,https://www.ferc.gov/dam-safety-and-inspections
CA01364,Devil Canyon Second Afterbay,,Devil Canyon Creek            ,San Bernardino,California,Water Supply,"Hydroelectric, Water Supply",Earth,1995,88,106,960,850,36,6,2960,High,Satisfactory,State,https://www.ferc.gov/dam-safety-and-inspections
CA10022,Prado Dam - Yorba Slaughter Adobe Dike,Adobe Dike,Santa Ana River,Chino,California,Flood Risk Reduction,Flood Risk Reduction,Earth,2017,44,,,0,,,,Significant,Not Available,Federal,
CA10102,Black Butte Dam - Dike 6,Black Butte Lake,Stony Creek,,California,Flood Risk Reduction,"Flood Risk Reduction, Hydroelectric, Irrigation, Recreation",Earth,1963,7,220,,105900,4560,736,,Low,Not Available,Federal,
CA10105,Harry L. Englebright Dam,Harry L. Englebright Lake,Yuba River,Marysville,California,Debris Control,"Debris Control, Hydroelectric, Recreation",Arch,1941,280,1142,103000,70590,815,1100,350000,High,Not Available,Federal,https://www.spk.usace.army.mil/Missions/Civil-Works/Dam-Safety-Program/
CA10109,New Hogan Dam,New Hogan Lake,Calaveras River,Jenny Lind,California,Flood Risk Reduction,"Flood Risk Reduction, Hydroelectric, Irrigation, Recreation",Rockfill,1963,210,1960,348598,217410,4400,363,106400,High,Not Available,Federal,https://www.spk.usace.army.mil/Missions/Recreation/New-Hogan-Lake/
CA10148,Folsom Right Wing,Folsom Lake,American River,Folsom,California,Flood Risk Reduction,"Flood Risk Reduction, Hydroelectric, Irrigation, Recreation, Water Supply",Earth,1956,145,6700,1120000,,11180,1570,0,High,Not Available,Federal,https://www.usbr.gov/ssle/damsafety/
CA10186,Shasta Dam,Shasta Lake,Sacramento River,Redding,California,Hydroelectric,"Hydroelectric, Irrigation, Navigation, Recreation, Water Supply",Concrete,1945,602,3460,4661860,4552090,30210,6110.7300000000005,186000,High,Not Available,Federal,https://www.usbr.gov/ssle/damsafety/
CA10196,Trinity Dam,"Clair Engle Lake, Trinity Lake",Trinity River,,California,Hydroelectric,"Hydroelectric, Irrigation, Recreation",Earth,1962,538,2450,2760870,2447650,17722,692.41,22400,High,Not Available,Federal,https://www.usbr.gov/ssle/damsafety/
CA10204,Whiskeytown Dam,"Claire A. Hill Whiskeyton, Whiskeytown Lake",Clear Creek,,California,Hydroelectric,"Hydroelectric, Irrigation, Water Supply",Earth,1963,282,2250,276117,241096,3458,199.85,28650,High,Not Available,Federal,https://www.usbr.gov/ssle/damsafety/
CA10246,New Melones Dam,New Melones Lake,Stanislaus River,,California,Hydroelectric,"Hydroelectric, Irrigation, Recreation, Water Supply",Rockfill,1979,625,1560,2870000,2720000,13450,904.2,112600,High,Not Available,Federal,https://www.usbr.gov/ssle/damsafety/
CO00357,Cheesman,,South Platte River,Deckers,Colorado,Water Supply,Water Supply,Masonry,1905,221,710,87227,79064,874,1750,8571,High,Satisfactory,Public Utility,https://damsafety.org/colorado
IA00017,Saylorville Dam,Saylorville Lake,Des Moines River,Des Moines,Iowa,Flood Risk Reduction,"Flood Risk Reduction, Recreation, Water Supply",Gravity,1975,125,6658,641000,74000,5520,5823,213700,High,Not Available,Federal,https://www.usace.army.mil/Missions/Civil-Works/Dam-Safety-Program/Article/2870967/dam-safety-program/
KS00004,John Redmond Dam - Hartford Levee,John Redmond Reservoir,Grand Neosho River,Burlington,Kansas,Flood Risk Reduction,Flood Risk Reduction,Gravity,1964,87,21790,626007,60661,9671,3015,578000,High,Not Available,Federal,https://www.swt.usace.army.mil/Locations/Tulsa-District-Lakes/Kansas/John-Redmond-Reservoir/
KS00005,Kanopolis Dam,Kanopolis Lake,Smoky Hill River,Marquette,Kansas,Flood Risk Reduction,"Flood Risk Reduction, Recreation",Earth,1948,131,15360,433000,61382,3815,7860,171000,High,Not Available,Federal,https://www.nwk.usace.army.mil/Missions/Civil-Works/Dam-Safety-Program/
KS00008,Milford Dam,Milford Lake,Republican River,Junction City,Kansas,Flood Risk Reduction,"Fish and Wildlife Pond, Flood Risk Reduction, Recreation, Water Supply",Rockfill,1966,147,6300,1145000,388800,15708,24882,560000,High,Not Available,Federal,https://www.nwk.usace.army.mil/Missions/Civil-Works/Dam-Safety-Program/
KS00009,Perry Dam,Perry Lake,Delaware River,Perry,Kansas,Flood Risk Reduction,"Flood Risk Reduction, Navigation, Recreation, Water Supply",Earth,1966,121,1740,770000,0,12200,1117,0,High,Not Available,Federal,https://www.nwk.usace.army.mil/Missions/Civil-Works/Dam-Safety-Program/
KS00012,Tuttle Creek Dam - Blue Rapids Levee,Tuttle Creek Lake,Big Blue River,Blue Rapids,Kansas,Flood Risk Reduction,Flood Risk Reduction,Earth,1963,157,4500,2257000,335100,13350,9628,0,High,Not Available,Federal,https://www.nwk.usace.army.mil/Missions/Civil-Works/Dam-Safety-Program/
KS00013,Wilson Dam,Wilson Lake,Saline River,Sylvan Grove,Kansas,Flood Risk Reduction,"Fish and Wildlife Pond, Flood Risk Reduction, Irrigation, Recreation",Earth,1964,152,5600,736000,245000,9040,1917,15700,High,Not Available,Federal,https://www.nwk.usace.army.mil/Missions/Civil-Works/Dam-Safety-Program/
KS00021,Glen Elder Dam,Waconda Lake,Soloman River,Glen Elder,Kansas,Flood Risk Reduction,"Flood Risk Reduction, Irrigation, Recreation, Water Supply",Earth,1969,142,15275,1128740,241460,13500,5076.74,263000,High,Not Available,Federal,https://www.usbr.gov/ssle/damsafety/
KY03028,Fishtrap Dam,Fishtrap Lake,Levisa Fork of Big Sandy River,Millard,Kentucky,Flood Risk Reduction,"Fish and Wildlife Pond, Flood Risk Reduction, Other, Recreation",Rockfill,1969,195,1100,164360,37720,1131,392,298200,High,Not Available,Federal,https://www.lrh.usace.army.mil/Missions/Civil-Works/Dam-Safety-Program/
KY03029,Dewey Dam - Brandykeg Dike,Dewey Lake,Johns Creek of Levisa Fork,Prestonsburg,Kentucky,Flood Risk Reduction,"Fish and Wildlife Pond, Flood Risk Reduction, Recreation",Earth,1950,41,315,31000,0,,,,High,Not Available,Federal,https://www.lrh.usace.army.mil/Missions/Civil-Works/Dam-Safety-Program/
KY03065,Yatesville Dam,Yatesville Lake,Blaine Creek,Yatesville,Kentucky,Flood Risk Reduction,"Fish and Wildlife Pond, Flood Risk Reduction, Other, Recreation",Rockfill,1988,156,855,83300,38100,2242,208,63000,High,Not Available,Federal,https://www.lrh.usace.army.mil/Missions/Civil-Works/Dam-Safety-Program/
MD00097,Conowingo                                                        ,,Susquehanna River             ,Port Deposit                                      ,Maryland,Hydroelectric,"Hydroelectric, Recreation, Water Supply",Concrete,1928,94,4648,310000,301400,8563,27077,1135552,High,Satisfactory,Not Listed,https://www.ferc.gov/dam-safety-and-inspections
NC00592,Fairfield Lake Dam,,Bull Run Creek,Jamestown,North Carolina,Recreation,Recreation,Earth,1964,30,600,276,230,23,2.82,330,High,Fair,Private,https://damsafety.org/north-carolina
NE01066,Harlan County Dam,Harlan County Lake,Republican,Naponee,Nebraska,Flood Risk Reduction,"Fish and Wildlife Pond, Flood Risk Reduction, Irrigation, Other, Recreation, Water Supply",Gravity,1952,107,11827,825700,327600,13600,7636,485000,High,Not Available,Federal,https://www.nwk.usace.army.mil/Missions/Civil-Works/Dam-Safety-Program/
NM00404,Cochiti Dam,Cochiti Lake,Rio Grande & Santa Fe,Cochiti Pueblo,New Mexico,Flood Risk Reduction,"Flood Risk Reduction, Other, Recreation",Earth,1975,251,28300,722000,50130,1200,14635,136360,High,Not Available,Federal,https://www.spa.usace.army.mil/Missions/Civil-Works/Recreation/Cochiti-Lake/
NV10122,Hoover Dam,Lake Mead,Colorado River,Laughlin,Nevada,Hydroelectric,"Hydroelectric, Irrigation, Water Supply",Concrete,1935,730,1244,30237000,28255000,162700,167800,135000,High,Not Available,Federal,https://www.usbr.gov/ssle/damsafety/
OH00020,Charles Mill Dam - Dike 2,,Black Fork of Mohican River,Mifflin,Ohio,,,Earth,1936,22,325,43000,0,,,,High,Not Available,Federal,https://www.lrh.usace.army.mil/Missions/Civil-Works/Dam-Safety-Program/
OR00004,Detroit Dam,Detroit Lake,North Santiam River,Mill City,Oregon,Flood Risk Reduction,"Flood Risk Reduction, Hydroelectric, Irrigation, Navigation, Other, Recreation",Gravity,1953,463,1580,455000,155000,3490,438,176000,High,Not Available,Federal,https://www.nwp.usace.army.mil/Locations/Willamette-Valley/Detroit/
OR00007,Fall Creek Dam,Fall Creek Lake,Fall Creek,Eugene,Oregon,Flood Risk Reduction,"Fish and Wildlife Pond, Flood Risk Reduction, Irrigation, Navigation, Other, Recreation",Rockfill,1965,205,5050,125000,115000,1860,184,82400,High,Not Available,Federal,https://www.nwp.usace.army.mil/Locations/Willamette-Valley/Fall-Creek/
OR00009,Lookout Point Dam,Lookout Point Lake,Middle Fork-Willamette River,Eugene,Oregon,Flood Risk Reduction,"Flood Risk Reduction, Hydroelectric, Irrigation, Navigation, Other, Recreation",Earth,1953,276,3175,477700,455840,4360,991,270000,High,Not Available,Federal,https://www.nwp.usace.army.mil/Locations/Willamette-Valley/Lookout-Point/
OR00010,Green Peter Dam,Green Peter Lake,Middle Santiam River,Sweethome,Oregon,Flood Risk Reduction,"Flood Risk Reduction, Hydroelectric, Irrigation, Navigation, Other, Recreation",Gravity,1967,378,1517,430000,160000,3720,277,110000,High,Not Available,Federal,https://www.nwp.usace.army.mil/Locations/Willamette-Valley/Green-Peter/
OR00015,Cougar Dam,South Fork Mckenzie River,South Fork Mckenzie River,Springfield,Oregon,Flood Risk Reduction,"Flood Risk Reduction, Hydroelectric, Irrigation, Navigation, Other, Recreation",Rockfill,1963,519,1600,220000,208000,1280,208,76000,High,Not Available,Federal,https://www.nwp.usace.army.mil/Locations/Willamette-Valley/Cougar/
WA00300,Mud Mountain Dam,Mud Mountain Lake,White River,Buckley,Washington,Flood Risk Reduction,"Flood Risk Reduction, Recreation",Rockfill,1948,425,700,106000,0,1,400,156000,High,Not Available,Federal,https://www.nws.usace.army.mil/Missions/Civil-Works/Locks-and-Dams/Mud-Mountain-Dam/
