short_id,dam_name,survey_yr1,survey_yr2
599,Millett Swale,1959,1983
790,Whitlow Ranch Dam,1957,2016
799,Granite Basin,1939,1967
807,Glen Canyon,1963,2017
808,Bartlett,1939,2022
809,Horseshoe,1946,2012
813,Theodore Roosevelt,1995,2023
903,Milliken,1924,1958
913,Gibraltar,1919,1969
916,Newell,1960,1982
917,Pardee,1929,1943
920,Cogswell,1935,1981
922,Live Oak,1922,1962
923,San Gabriel,1937,1983
924,Eaton Wash Debris Basin,1936,1988
925,Juncal,1930,1980
927,Morris,1934,1970
932,Littlerock,1924,1953
938,Coyote,1946,1989
939,James J. Lenihan,1952,2001
941,Santiago Creek,1931,1948
942,North Fork,1938,1951
944,Mockingbird Canyon,1914,1940
954,Crane Valley,1901,1946
965,Upper Bear,1900,1946
971,Lyons,1930,1946
977,Scott,1921,1984
980,Morris,1924,1966
1034,Ridgewood,1930,1966
1041,Salt Springs Valley,1882,1945
1070,Williams,1913,1971
1072,Los Padres,1949,1984
1079,Lake Sherwood,1905,1938
1085,Lake Hemet,1892,1940
1109,Copperopolis,1915,1945
1201,Brea Dam,1939,2016
1202,Prado Dam,1940,2008
1206,Farmington Dam,1952,2004
1207,Isabella Dam,1953,1968
1208,New Hogan Dam,1959,2016
1209,Pine Flat Dam,1954,1973
1211,Terminus Dam,1961,2016
1213,Clear Lake,1910,2007
1214,East Park,1910,2023
1217,Stony Gorge,1928,1962
1218,Twitchell,1953,2018
1219,Salinas Dam,1941,1975
1239,Hume Lake,1909,1946
1266,Bear Creek Dam,1980,2016
1268,Horse Creek,1900,1940
1269,Kiowa Crk Wtrshd K-79,1955,1975
1271,Trinidad Dam,1980,2018
1331,Pueblo,1974,2023
1366,Cheesman,1900,1931
1759,Teller,1911,1940
1909,Cucharas,1912,1939
1925,Chatfield Dam,1971,2016
1926,John Martin Dam,1944,2017
1931,Bonny,1951,2010
1974,Olympus,1948,2022
1975,Rattlesnake,1954,2012
1984,Blue Mesa,1961,2019
1992,Paonia,1961,2015
2057,Hardesty,1908,1968
2119,Twin Lakes Bor,1964,2017
2464,Broad Brook Mill Pond Dam,1916,1951
2466,Jim Woodruff Lock and Dam,1954,2009
2569,Sky Lake Dam,1925,1956
2814,West Point Dam,1978,2009
2815,Carters Main Dam,1965,2009
2816,Carters Re-Regulation Dam,1973,2009
2817,Buford Dam,1956,2009
2842,Lloyd Shoals,1910,1935
3966,Allatoona Dam,1949,2009
4937,Blue Ridge Dam,1944,1968
4941,Coralville Dam,1958,2019
4943,Red Rock Dam,1969,2011
4949,Saylorville Dam,1977,2014
5003,Lake Wapello Dam,1937,1971
5171,Springbrook Lake Dam,1936,1980
5180,Bobwhite Lake Dam,1913,1939
5655,Daniels,1967,1992
5656,Pioneer,1904,1954
5657,Salmon Falls,1910,1955
5701,Deer Flat Upper,1908,1994
5703,Anderson Ranch,1945,1998
5704,Arrowrock,1915,1997
5705,Black Canyon Diversion,1924,2024
5706,Cascade,1947,1995
5707,Deadwood,1930,2002
5708,Mann Creek,1967,1992
5748,Farmdale Dam,1951,2014
5749,Fondulac Dam,1949,2014
5750,West Frankfort Old City Lake Dam,1926,1949
5751,Carbondale Reservoir Dam,1926,1948
5752,Marion Reservoir Dam,1921,1951
5753,Christopher Old Reservoir Dam,1925,1960
5754,Eldorado Reservoir Dam,1920,1949
5757,Shelbyville Dam,1969,2017
5759,Patterson Lake Dam,1926,1959
5763,Charley Brown Park Lake Dam,1938,1959
5764,Illinois Central Reservoir Dam,1926,1960
5765,Salem Reservoir Dam,1912,1960
5766,Carthage Lake 1 Dam,1926,1949
5768,Lake Bloomington Dam,1929,1955
5769,Lake Bracken Dam,1923,1949
5770,Calhoun Lake Dam,1924,1947
5771,Lake Duquoin Dam,1937,1957
5772,Panama Lake Dam,1928,1958
5773,Mauvaise Terre Lake Dam,1921,1952
5780,Pine Lake Dam,1925,1946
5781,White Hall Reservoir Dam,1897,1952
5782,Staunton Reservoir Dam,1926,1954
5785,Old Gillespie Lake Dam,1923,1954
5786,Lake Carlinville Dam,1939,1959
5794,Mt. Olive City Lake Dam,1938,1958
5801,Lake Salinda Dam,1949,1971
5802,Huntingburg City Lake Dam,1894,1940
5803,Little Raccoon Dam No. 2c - Rockville Dam,1971,1994
5810,Cagles Mill Dam,1947,1989
5811,Salamonie Dam,1960,1984
5815,Council Grove Dam,1964,2008
5816,Elk City Dam,1966,2010
5817,Fall River Dam,1948,2010
5818,John Redmond Dam,1963,2023
5820,Kanopolis Dam,1948,2017
5821,Marion Dam,1968,2008
5822,Perry Dam,1969,2009
5823,Toronto Dam,1960,2011
5824,Tuttle Creek Dam,1962,2020
5826,Wilson Dam,1964,2008
5828,Cedar Bluff,1950,2000
5829,Glen Elder,1967,2001
5832,Kirwin,1955,1996
5833,Lovewell,1957,1995
5834,Norton,1964,2000
5835,Webster,1956,1996
5836,El Dorado Dam,1981,2011
5845,Big Hill Dam,1981,2010
7276,Mission Lake,1924,1967
7283,Lake Herington,1922,1966
7285,Polk Daniels Lake,1936,1965
7312,Sabetha City Lake Dam,1936,1960
7514,Riverton Bypass Spillway,1905,1939
9607,Berea Reservoir,1954,1974
9621,Nf Little River Mps 4b,1907,1959
9627,N Fork of Rough River FRS No 1,1955,1970
9631,Plum Creek FRS No 15,1956,1975
9684,Nolin River Dam,1957,2014
9686,Buckhorn Dam,1960,1987
9687,Fishtrap Dam,1968,2003
9688,Dewey Dam,1950,2003
9690,Laurel Dam,1966,1995
9691,Carr Creek Dam,1964,1998
9695,Martins Fork Dam,1978,1992
9726,Loring Lake,1928,1954
9727,West Whately Reservoir Dam,1902,1951
9729,Westfield Reservoir Dam,1874,1951
9730,Prettyboy Dam,1933,1961
9731,Loch Raven Dam,1914,1961
9732,Liberty Dam,1954,1973
9733,Brighton,1942,1964
9734,Greenbelt Dam,1936,1957
9735,Atkisson Reservoir,1942,1965
9736,Jennings Randolph Dam,1964,2013
9755,Norvell Dam,1869,1969
9756,Ford Lake,1933,1969
9763,Sharon Mills Dam,1927,1969
9765,Iron Lake Dam,1869,1969
9766,Newburgh Dam,1933,1969
9767,Phoenix Dam,1869,1969
9769,Waterford Dam,1869,1969
9772,French Landing,1929,1969
9775,Barton Dam,1915,1969
9779,Tecumseh Dam,1907,1969
9780,Lake Adrian Dam,1942,1969
9831,Lake Okabena,1897,1963
9855,Ashland Wildlife Area Dam,1937,1971
9856,Lost Creek #1,1956,1976
9867,Higginsville North Reservoir Dam,1924,1964
9870,Smithville Dam,1979,2010
10148,Harry S. Truman Dam,1979,2010
10165,Lake Killarney Dam,1910,1939
10174,Ozark Beach,1913,1935
10182,Stockton Dam,1969,2019
10183,Pomme De Terre Dam,1961,2017
10185,Wappapello Dam,1940,1964
10330,Longview Dam,1985,2009
10468,Okatibbee Dam,1970,2009
10469,Sardis Dam,1937,1960
10470,Arkabutla Dam,1939,1962
10888,Nevada Creek Dam,1937,1973
10896,Fort Peck Dam,1938,2007
11299,Canyon Ferry,1953,2016
11300,Clark Canyon,1964,2016
11301,Fresno,1939,2010
11302,Gibson,1929,2009
11303,Lake Sherburne,1948,2002
11318,Yellowtail,1965,2017
11320,Willow Creek Bor Mt,1911,2019
11322,Tiber,1957,2021
14177,B. Everett Jordan Dam,1979,1997
14181,Apalachia Dam,1943,1965
14202,Kanuga Conference Lake Dam,1908,1956
14207,Osceola Lake Dam,1923,1956
14234,Fontana Dam,1944,1967
14235,W. Kerr Scott Dam,1962,2010
14240,Salem Lake Dam,1919,1939
14277,Chatuge Dam,1942,1965
14282,Cheoah,1918,1941
14290,Hiwassee Dam,1940,1965
14305,Eury,1915,1940
14374,Roxboro Municipal Lake Dam,1924,1946
14409,Lake Cammack Dam,1928,1949
15059,Renwick Dam,1962,1990
15089,Raleigh Dam,1909,1956
15114,Dougherty Dam,1935,1957
15122,Garrison Dam,1945,2012
15126,Dickinson,1950,2013
15127,Heart Butte,1949,2013
15129,Jamestown,1954,2023
15165,Blabon Dam 2,1935,1955
15190,Adams Dam,1911,1955
15205,Baldhill Dam,1952,2020
15206,Homme Dam,1953,2004
16124,Conestoga Dam,1964,2016
16125,Wagon Train Dam,1963,2018
16126,Pawnee Dam,1966,2023
16127,Yankee Hill Dam,1966,2018
16128,Stagecoach Dam,1964,2018
16130,Olive Creek Dam,1964,2018
16131,Branched Oak Dam,1967,2017
16132,Bluestem Dam,1964,2021
16133,Standing Bear Dam,1976,2009
16134,Harlan County Dam,1952,2010
16135,Box Butte,1945,2003
16136,Enders,1950,1997
16137,Medicine Creek,1949,2006
16138,Merritt,1964,2003
16139,Red Willow,1961,1997
16140,Trenton,1953,2011
16352,Glenn Cunningham Dam,1976,2009
16491,Wehrspann Dam,1984,2009
16553,Zorinsky Dam,1985,2007
16590,Virginia Smith,1985,2012
17031,Columbia Dam,1909,1957
17072,Abiquiu Dam,1963,2021
17073,Galisteo Dam,1966,1983
17074,Jemez Canyon Dam,1953,1998
17075,Two Rivers Diamond A Dam,1963,2014
17076,Conchas Dam,1939,2015
17109,Heron,1970,2010
17114,Elephant Butte,1915,2017
17115,Sumner,1944,2013
17116,Caballo,1938,2007
17117,Avalon,1905,2023
17132,Santa Rosa Dam,1980,1996
17180,Santa Cruz Dam,1929,1956
17258,Cochiti Dam,1972,2017
17262,Nambe Falls,1976,2013
17299,Brantley,2001,2013
17396,El Vado,1935,2018
17434,Hoover,1935,2001
17435,Lahontan,1969,2019
17558,Wappingers Falls,1900,1952
17559,Gilboa Dam,1926,2014
17565,Orchard Park Reservoir Dam,1928,1951
17567,Caneadea Dam,1925,1951
17568,Mount Morris Dam,1963,2009
17606,Whitney Point Dam,1941,1996
17612,East Sidney Dam,1949,2012
17634,Beach City Dam,1936,1993
17636,Dillon Dam,1960,1998
17639,Deer Creek Dam,1968,2004
17641,Delaware Dam,1951,1975
17643,Tom Jenkins Dam,1952,1978
17644,Charles Mill Dam,1946,1975
17645,West Fork of Mill Creek Dam,1952,1990
17646,Mosquito Creek Dam,1944,2000
17647,Berlin Dam,1943,1999
17649,Lake Hope Dam,1939,1969
17652,Lake Grant Dam,1948,1971
17656,Westville Lake Dam,1913,1950
17657,Mineral Ridge Dam,1929,1949
17658,Auglaize Hydro,1912,1951
17661,Lake Milton Dam,1916,1941
17662,Germantown Dam,1920,1942
17664,Lake Loramie Dam,1840,1960
17665,Lake White Dam,1935,1951
17672,Jefferson Lake Dam,1935,1961
17682,Grand Lake St. Marys - West Embankment,1844,1940
17686,Knox Lake Dam,1949,1970
17690,Lake Rockwell Dam,1914,1977
17699,Julian Griggs Dam,1905,1964
17700,O''Shaughnessy,1925,1951
18211,Sapulpa Lake,1913,1946
19155,Altus,1940,2007
19159,Fort Cobb,1959,1993
19160,Foss,1961,2009
19161,Norman,1965,2015
19284,Hugo Dam,1974,2015
19285,Pine Creek Dam,1978,2011
19286,Broken Bow Dam,1968,2018
19287,Eufaula Dam,1964,2015
19288,Keystone Dam,1965,2020
19290,Oologah Dam,1963,2020
19292,Heyburn Dam,1949,2015
19293,Wister Dam,1949,2017
19294,Canton Dam,1950,2016
19295,Denison Dam,1942,2016
19297,Fort Supply Dam,1943,2010
19298,Great Salt Plains Dam,1941,2010
20428,Kaw Dam,1975,2020
21122,Copan Dam,1983,2015
21332,Arcadia Dam,1986,2017
21334,Skiatook Dam,1984,2017
21335,Waurika Dam,1977,2010
21847,Warm Springs,1919,2000
21851,Ochoco,1920,1990
21891,Harriet Lake,1924,1948
21893,Bully Creek,1963,2000
21894,Arthur R. Bowman,1960,1998
21895,Mckay,1927,1993
21896,Agency Valley,1935,2000
21897,Cold Springs,1908,1951
21901,Unity,1938,1991
21924,Alvin R. Bush Dam,1961,1996
21925,Stillwater Dam,1960,1997
21926,York Indian Rock Dam,1940,2004
21933,Rock Run,1915,1951
21935,Crooked Creek Dam,1940,2016
21936,East Branch Dam,1952,1971
21937,Loyalhanna Dam,1942,1996
21939,Griffin,1888,2022
21944,Elmhurst,1890,1941
21945,Lake Williams,1912,1939
21950,Williams Bridge Reservoir,1893,2022
21951,Saltlick,1914,1937
21952,Hinckston,1905,1937
21966,Quemahoning,1912,1937
21972,Mill,1884,1939
21974,Cowanesque Dam,1965,2010
21979,Bridgeport (Pa-655),1887,1937
21993,Apalache Millpond Dam,1904,1934
21994,South Pacolet River Res 1,1926,1965
22038,Richmond,1937,1969
22050,New Underwood,1935,1970
22654,Mitchell,1928,1969
23027,Big Bend Dam,1963,2012
23028,Fort Randall Dam,1950,2011
23029,Gavins Point Dam,1955,2022
23030,Oahe Dam,1958,2010
23036,Angostura,1949,2004
23037,Belle Fourche,1911,2006
23075,Shadehill,1950,1993
24048,Canyon Lake Dam,1933,1970
24410,Norris Dam,1936,1960
24413,Cove Lake,1936,1960
24478,Radnor,1915,1940
24515,Nolichucky Dam,1913,1970
24577,Cherokee Dam,1941,1964
24724,Douglas Dam,1943,1967
24733,Cordell Hull Lock and Dam,1965,1993
24749,Great Falls Dam,1935,1969
24755,Bardwell Dam,1965,1999
24756,Belton Dam,1949,2015
24757,Benbrook Dam,1952,1998
24758,Grapevine Dam,1966,2011
24760,Lavon Dam,1946,2011
24761,Lewisville Dam,1965,2007
24762,Navarro Mills Dam,1956,2008
24763,Proctor Dam,1964,2012
24764,Sam Rayburn Dam,1965,2004
24766,Town Bluff Dam,1947,2011
24767,Waco Dam,1995,2011
24768,Whitney Dam,1959,2005
24769,Wright Patman Dam,1956,2010
24796,Conroe Dam,1973,2020
24847,Wolf Creek Lake Dam,1919,1939
24855,Blackburn Crossing Dam,1962,2012
24859,Lake Athens Dam,1962,1998
24883,Joe B Hogsett Dam,1966,2017
24917,Murvaul Bayou Dam,1958,1998
25020,Iron Bridge Dam,1960,2009
25090,Buckner Dam,1957,2006
25173,Fairfield Lake Dam,1969,1999
25179,Amon G Carter Dam,1956,1980
25254,Eagle Mountain Dam,1934,2018
25257,Lake Worth Dam,1969,2001
25285,Rockwall-Forney Dam,1968,2015
25287,White Rock Dam,1911,2015
25368,Santa Rosa Dam,1929,1976
25380,Lometa Dam,1912,1941
25382,Wirtz Dam,1951,2020
25384,Lcra Inks Dam,1938,2021
25385,Buchanan Dam,1937,2019
25402,Lake Kickapoo Dam,1946,2013
25436,Bistone Dam,1961,2008
25458,Mansfield Dam,1940,2019
25588,Lake Weatherford Dam,1957,2008
25591,Lake Mineral Wells Dam,1920,2015
25621,South Prong Dam,1956,2020
25744,Bridgeport Dam,1931,2020
25894,Medina Lake Dam,1913,1995
25922,Gordon Country Club Lake Dam,1898,1959
25939,Lake Crook Dam,1923,2003
26053,Mcclellan Dam,1940,1979
26068,Coleman Dam,1966,2006
26190,Red Bluff Dam,1936,2012
26241,Fort Phantom Hill Dam,1938,1993
26318,Lake Halbert Dam,1921,1999
26414,Lake Abilene Dam,1921,1948
26493,Lake Brownwood Dam,1932,2019
26534,Wills Point Reservoir Dam,1914,1938
26567,Lake Arrowhead Dam,1969,2013
26635,Elkins Lake Dam,1930,1950
26761,Nasworthy Dam,1930,1993
26846,Ballinger City Lake Dam,1947,1970
26859,Houston County Lake Dam,1966,1999
26870,Franklin County Dam,1970,2007
26891,Lake Merritt Dam,1917,1940
26926,Terrell Country Club Lake Dam,1955,1997
26940,Lake Houston Dam,1954,2018
26955,Lake Cherokee Dam,1948,2015
26985,Lake Eanes Dam,1926,1946
27089,Hubbard Creek Dam,1997,2017
27131,Lake Gladewater Dam,1952,2000
27144,Lake Stamford Dam,1953,1999
27191,Lake Palo Pinto Dam,1964,2007
27195,Morris Sheppard Dam,1941,2016
27228,Wesley E Seale Dam,1958,2016
27267,De Cordova Bend Dam,1969,2015
27328,Lake Jb Thomas Dam,1952,1999
27466,Swauano Creek Dam,1975,2001
27467,Lake Kemp Dam,1971,2006
27480,Lake Fork Dam,1980,2009
27491,Choke Canyon,1982,2012
27505,Sterling C Robertson Dam,1978,2012
27639,Squaw Creek Dam,1977,2007
27645,Gibbons Creek Dam,1981,2008
27725,Palmetto Bend Dam,1980,2020
27731,Fort Sherman Dam,1978,2018
28620,Richland Creek Dam,1987,2018
28688,John T Montford Dam,1993,2017
29230,Aquilla Dam,1995,2014
29231,Ray Roberts Dam,1985,2008
29490,Piute,1910,1938
29501,Sevier Bridge,1908,1932
29519,Enterprise (Upper),1909,1940
29676,Steinaker,1961,2006
29687,Wanship,1957,2007
29688,Scofield,1946,1979
29691,Starvation,1969,2009
29819,Pedlar,1907,1938
29828,Staunton Dam,1925,1957
29895,Byllesby,1912,1936
30098,John H. Kerr Dam,1959,1997
30343,Mud Mountain Dam,1950,2011
30405,Eau Galle Dam,1960,1987
30432,Terra Alta Lake,1902,1952
30438,Bluestone Dam,1949,1965
30442,Tygart Dam,1938,1959
30855,Tass,1962,1988
30869,Basch,1956,1988
30882,Kingsbury Todd No. 1,1912,1988
31170,Glendo,1957,2003
31172,Guernsey,1927,2022
31174,Pathfinder,1909,1950
31175,Seminoe,1939,1973
31177,Boysen,1951,2023
31178,Buffalo Bill,1910,1986
31227,Keyhole,1952,2003
31829,Hiddenwood Lake,1926,1959
31830,Ferrells Bridge Dam,1957,2009
31831,Pat Mayse Dam,1966,2019
31832,Somerville Dam,1992,2012
31833,Morgan Lake,1900,1952
31834,Beetree Lake,1912,1951
31835,Almaden,1936,2000
31836,Folsom,1955,2005
31837,Bradbury,1953,2021
31839,Hawkins,1912,1940
31840,Magalia,1918,1946
31841,Misselbeck,1920,1945
31842,Elmer J. Chesbro,1955,1976
31844,Bayview Lake,1911,1935
31845,Lake Purdy Dam,1910,1935
31846,Lower Crystal Springs,1878,1935
31847,New Bullards Bar,1919,1939
31848,Lake Hodges,1919,1948
31849,Carpenter,1930,1950
31850,Lay,1913,1936
31851,Don Pedro Main,1923,1945
31852,Exchequer Main,1926,1946
31853,Alamo Dam,1963,2016
31854,Almond Dam,1949,1998
31855,Birch Dam,1977,2010
31856,Black Butte Dam,1959,2015
31857,Curwensville Dam,1958,2010
31858,Hansen Dam,1940,2016
31859,Hulah Dam,1951,2014
31860,Painted Rock Dam,1953,2016
31861,Santa Fe Dam,1943,2016
31862,Tioga Dam,1978,2012
31863,Coyote Valley Dam,1952,1994
31864,Carbon Canyon Dam,1937,2016
31865,Cave Run Dam,1963,1986
31866,Anderson,1950,1988
31867,San Clemente,1921,2015
31868,Gilmore,1917,1945
31870,Santa Felicia,1955,1965
32008,Willow Creek Bor Co,1953,2024
34204,Walter F. George Lock and Dam,1960,2009
35398,Blue Mountain Dam,1952,2017
35399,Nimrod Dam,1951,2016
35400,Norfork Dam,1943,2015
35415,Beaver Dam,1963,2018
36208,Gillham Dam,1980,2018
36750,Parker,1957,2018
37025,Copco No 1,1918,2011
37027,Iron Gate,1962,2011
37872,Lopez Dam,1979,2010
37879,Harry L. Englebright Dam,1940,2001
37884,Richard L. Schafer Dam,1960,2015
43201,J. Strom Thurmond Dam,1952,2017
43202,Hartwell Dam,1962,2023
43205,Richard B. Russell Dam,1980,2015
51488,Lucky Peak Dam,1951,2005
51718,Rend Dam,1969,2020
54190,Milford Dam,1967,2020
61453,Barkley Lock and Dam,1974,1984
64544,"Stronach Lake (Old, Removed)",1912,1953
65814,Clinton Dam,1977,2019
66534,Forest Lake Dam,2005,2021
69084,Pineview Dam,1928,1938
74393,John C. Stennis Lock and Dam,1974,2010
74396,Glover Wilkins Lock and Dam,1976,2010
74397,Fulton Lock and Dam,1976,2010
84286,Nelson Dike Da,1916,1999
89290,Navajo,1962,2019
90125,Ashokan Dam,1916,2014
90156,Merriman Dam,1945,2013
90391,Downsville Dam,1954,2015
90397,Neversink Reservoir Dam,1953,2014
90550,Cannonsville,1964,2015
93289,Pensacola,2009,2019
94887,Newt Graham Lock and Dam,1965,2020
98100,Keene Creek,1959,1999
98890,Raystown Dam,1966,1996
105048,Knapp Reservoir (Sudduth Lake),1907,1952
105565,Center Hill Dam,1965,1984
106516,Canyon Lake Dam,1964,2000
106883,Lake Bonham Dam,1969,2004
107440,Max Starcke Dam,1951,2020
107447,Lake Cooper Dam,1954,2014
107448,Lake Olney Dam,1935,2014
109790,Lake Striker Dam,1957,1996
110036,Livingston,1969,2019
110143,Eddleman Dam,1950,1998
110703,Bayou Loco Dam,1976,1994
110754,Kerrville Ponding Dam,1979,2015
111793,Elm Creek Dam,1983,2013
112292,Big Creek Dam,1987,2022
113377,North San Gabriel Dam,1982,2016
113378,Joe Pool Dam,1986,2022
113382,Cooper Dam,1991,2022
117574,Howard A. Hanson Dam,1959,2007
120263,Fontenelle,1961,2019
120843,Madsen Farm Pond,1939,1956
120844,Sterling Reservoir,1900,1973
120845,Gallatin Reservoir,1946,1956
120846,"Eagle Creek, Trib arm of Auglaize River Power Res",1912,1951
120847,High Pine Creek WS Dam Site 5,1961,1981
120848,Town Creek WS Dam Site 22,1968,1980
120849,Lake Harris Dam,1929,1953
120850,Wheeler Dam,1936,1953
120851,Wilson Dam,1928,1961
120852,Lake Bennett Dam,1935,1946
120853,Wilson Lake Dam,1913,1946
120854,Lake Wedington,1937,1947
120855,Old Water Supply Lake Dam,1937,1953
120856,Square Rock Lake Dam,1943,1961
120857,Sixmile Creek Wid Site 06,1954,1970
120858,Cove Lake,1938,1953
120859,Nichols Lake Dam,1931,1941
120861,Coolidge,1928,1966
120862,New Waddell,1928,1941
120863,Big Canyon Creek,1934,1945
120864,Big Dry Creek,1945,1998
120865,Franktown Parker Fpw-1,1963,1973
120866,Englewood,1936,1956
120867,Fruitgrowers,1939,2016
120868,Mountain Supply # 1,1905,1965
120869,North Fork Broad River WS Str # 6,1956,1970
120870,North Fork Broad River WS Str # 11,1956,1970
120871,North Fork Broad River WS Str # 14,1954,1969
120872,North Fork Broad River WS Str # 2,1956,1970
120873,North Fork Broad River WS Str # 1,1958,1970
120874,Sautee Creek WS Str. #13,1959,1970
120875,Cartecay River WS Str. #7 Dam,1965,1978
120876,Potato Creek WS Str # 56,1966,1977
120877,Sequoyah Lake Dam,1929,1939
120878,Nottely Dam,1942,1965
120879,Mississippi River Locks and Dam 15,1934,1950
120880,Mississippi River Lock and Dam 17,1938,1954
120881,Upper Pine Lake Dam,1934,1947
120882,Lake of Three Fires Dam,1936,1950
120883,Lower Centerville Reservoir Dam,1926,1937
120884,Lake Fisher Dam,1937,1951
120885,Beeds Lake Dam,1935,1946
120886,Backbone Dam,1934,1949
120887,Orchard,1892,1947
120888,Palisades,1957,2022
120889,Dworshak Dam,1973,2013
120890,West Frankfort New City Lake Dam,1945,1960
120891,Valier Lake Dam,1922,1957
120892,Johnston City Lake Dam,1922,1957
120893,Crab Orchard Dam,1940,1951
120894,Carlyle Dam,1965,2018
120895,Old Lock Dam 26,1938,1959
120896,Lake Decatur Dam,1956,1966
120897,Greendale Lake Dam,1927,1940
120898,Miller Lake Dam,1944,1960
120899,Raccoon Lake Dam,1943,1959
120900,Spring Lake Dam,1927,1947
120901,Lake Mt. Sterling Dam,1935,1951
120902,Hambaugh-Martin 1 Dam,1961,1978
120903,Shoal Creek Structure 2 Dam,1964,1977
120904,Walton Park Lake Dam,1862,1959
120905,Lake Lou Yaeger Dam,1966,1977
120906,Lake Jacksonville Dam,1939,1952
120907,Waverly City Lake Dam,1938,1952
120908,Spaulding Dam,1934,1948
120909,Bunker Hill Old Lake Dam,1937,1954
120910,Mississippi River Lock and Dam 19,1913,1946
120912,Pool #16,1938,1949
120913,Scottsburg Water Supply Reservoir Dam,1949,1961
120914,Brush Creek Reservoir,1953,1963
120915,Busseron Dam No. G-4,1963,1976
120916,Springs Valley Lake (F7),1963,1977
120917,Saddle Lake (Str. #1),1965,1976
120918,Spring Mill Park Lake Dam,1938,1948
120919,Norway,1923,1940
120920,Ksnoname 495,1958,1970
120921,Ksnoname 629,1955,1970
120922,Ksnoname 705,1951,1967
120923,Ksnoname 828,1951,1967
120924,Leavenworth State Lake Dam,1931,1947
120925,Neosho County State Park Dam,1927,1939
120926,Sheridan State Fishing Lake,1937,1948
120927,Ksnoname 1229,1940,1967
120928,Ksnoname 1760,1960,1972
120929,Ksnoname 1858,1960,1970
120930,Lake Elbo,1949,1965
120931,Frd No 13-12,1965,1977
120932,Frd No 41-A,1967,1977
120933,Dd No D-1 (Lost Creek),1954,1977
120934,Cedar Lake (Old Olathe Lake),1932,1949
120935,Lake Kahola,1936,1954
120936,Ksnoname 2579,1958,1970
120937,Katy Lake Dam,1913,1939
120938,Lake Dabinawa,1959,1974
120939,Ksnoname 3345,1957,1970
120940,Ksnoname 3546,1953,1966
120941,Ksnoname 5008,1951,1967
120942,Walker Dam,1948,1964
120943,Obion Creek FRS No 24,1960,1971
120944,Dix River Dam,1925,1941
120945,Upper Green River FRS No 5,1955,1971
120946,Rough River Dam,1959,1969
120947,Kentucky River Lock and Dam 4,1964,1975
120948,Kentucky Dam,1946,1961
120949,Ksnoname 763,1954,1970
120950,Mountain Street Reservoir Dam,1905,1951
120951,T. Howard Duckett Dam,1954,1964
120952,Little Deer Creek Site 1,1958,1972
120953,Upper Little River,1913,1969
120954,Lake Winona,1937,1950
120955,Brooklyn Dam,1948,1969
120956,Ford Manchester Dam,1945,1969
120957,Saline River Dam,1937,1969
120958,Manchester Mill Dam,1906,1969
120959,Bridgeway Lake Dam,1927,1969
120960,Lake Bronson,1940,1950
120961,Splitrock Lake,1938,1949
120962,Orwell Dam,1954,1970
120963,Mississippi River Lock and Dam 25,1939,1959
120964,Mississippi River Lock and Dam 20,1936,1950
120965,South Fork Blackwater River Dam A- 1,1964,1975
120966,Mcdaniel Lake Dam,1929,1940
120967,Bagnell,1931,1948
120968,Mountain Lake Dam,1927,1939
120969,Shepard Mountain Dam,1929,1939
120970,Clarence Cannon Dam,1987,2009
120971,Lafayette Lake Dam,1937,1951
120972,Grenada Dam,1953,1965
120973,Enid Dam,1951,1961
120974,Yellow Water Main Dam,1938,1948
120975,Walstom,1915,1955
120976,Box Elder Creek Dam,1965,1980
120977,Lower Willow Creek Dam,1962,1973
120978,Lower Baker Dam,1908,1970
120979,Lexington Storage Reservoir Dam,1935,1951
120980,Third Creek Watershed Dam #7a,1957,1969
120981,Nantahala,1950,1969
120982,Thorpe,1950,1969
120983,Franklinton Reservoir #2 Dam,1925,1938
120984,Lake Concord Dam,1925,1935
120985,Lake Lee Dam,1927,1938
120986,Long Lake Dam,1924,1939
120987,Tillery,1928,1940
120988,Roberdel Lake Dam,1892,1940
120989,City Lake Dam,1928,1938
120990,Lake Brandt Dam,1923,1934
120991,Apex Lake Dam,1925,1941
120992,Cruse Dam,1966,1979
120993,San-Lee Park Upper Dam,1927,1941
120994,Erie Dam,1970,1981
120995,Krapp Brothers Dam,1971,1981
120996,Van Osting Dam; William,1950,1964
120997,Magnolia Dam,1908,1956
120998,Gustafson Dam; Curtis,1941,1955
120999,Gering Valley C,1939,1952
121000,Twin Lakes Dam,1966,2018
121001,Carnegie Lake Dam,1907,1950
121002,Stony Brook W.S. # 5 (Baldwin) Dam,1962,1976
121003,Prop Canyon Site 1 Dam,1982,1992
121004,Tramperos Creek No. 2 Dam,1961,1972
121005,Santa Cruz Site 2g Dam,1962,1974
121006,Santa Cruz Site 4 Dam,1962,1975
121007,Lake McMillan,1894,1956
121008,Dorsey Creek Dam,1952,1963
121009,Willow Creek Dam,1924,1939
121010,Hollinger Debris Dam,1962,1972
121011,Ed Pylkas Dam,1955,1966
121012,Pelto Dam,1955,1966
121013,Caldwell Lake Dam,1937,1949
121014,Pine Lake Dam,1938,1950
121015,Bucyrus Reservoir #2,1919,1949
121016,Kreis Dam,1937,1949
121017,Lake Logan Dam,1955,1966
121018,Roosevelt Lake Dam,1935,1950
121019,Harrison Lake Dam,1941,1951
121020,Englewood Dam,1927,1942
121021,Kiser Lake Dam,1940,1950
121022,Clark Lake Dam,1958,1968
121023,Veto Lake Dam,1954,1966
121024,Van Buren Lake Dam,1939,1951
121025,Stony Lake Dam,1927,1949
121026,Buckeye Lake Dam,1832,1939
121027,Cowan Lake Dam,1947,1960
121028,Jisco Lake Dam,1952,1970
121029,Decker Lake Dam,1940,1950
121030,Jackson Lake Dam,1940,1951
121031,Hunters Run Structure No. 2,1956,1971
121032,East Branch Reservoir Dam,1939,1977
121033,Hosterman Lake Dam,1938,1951
121034,Upper Mt. Gilead Lake,1930,1948
121035,Pond Lick Lake Dam,1938,1950
121036,Vesuvius Dam,1937,1952
121037,SCS-Sandstone Creek Site-010a,1951,1972
121038,SCS-Rush Creek Site-002,1959,1976
121039,SCS-Sandstone Creek Site-009,1951,1966
121040,SCS-Caddo Creek Site -18,1922,1938
121041,SCS-Sandstone Creek Site-016a,1951,1961
121042,SCS-Cavalry Creek Site-01,1948,1959
121043,SCS-Wildhorse Creek Site-033,1950,1960
121044,SCS-Cane Creek Site-11,1965,1979
121045,Okmulgee Lake,1928,1950
121046,Lake Carl Blackwell,1938,1958
121047,SCS-Stillwater Creek Site-23,1925,1935
121048,SCS-Upper Black Bear Creek Site-62,1937,1955
121049,SCS-Upper Black Bear Creek Site-64,1968,1980
121050,SCS-Mill Creek Site-17,1948,1959
121051,Liberty Lake,1949,1960
121052,Guthrie Lake,1920,1935
121053,Hiwassee,1936,1950
121054,Mcalester Lake,1919,1941
121055,Duncan,1937,1950
121056,Carter Lake,1936,1949
121057,Wetumka,1931,1954
121059,Wewoka,1925,1954
121060,Spavinaw,1924,1935
121061,Shawnee City Lake No.1,1937,1957
121062,Byars,1904,1950
121063,Brown Lake,1943,1963
121064,SCS-Saddle Mountain Creek Site-002,1959,1975
121065,Pretty Water,1936,1946
121066,Taft No.3,1937,1947
121067,Mcgee Creek,1987,2022
121068,Youghiogheny Dam,1943,1973
121069,Lake Gordon,1913,1940
121070,Mathay (Pa-459),1962,1977
121071,Summit Lake Reservoir,1875,2022
121072,Maple Lake,1893,2022
121073,Dunmore No 7 Reservoir,1872,2022
121074,Dunmore No 1,1877,2022
121075,Marshwood,1927,2022
121076,Curtis,1887,2022
121077,Nesbitt,1903,2022
121078,Watres,1925,2022
121079,Pikes Creek,1911,2022
121080,Little Schuylkill River (Pa-422),1962,1976
121081,Duncan Creek WCD Dam 8,1964,1975
121082,Issaqueena Lake Dam,1938,1949
121083,Twelve Mile Creek WCD Dam 16,1955,1974
121084,Twelve Mile Cr WCD Dam 12,1954,1974
121085,Wateree Creek WCD Dam 1,1963,1977
121086,Chester Res Dam,1926,1937
121087,Lancaster CO Wtrwrks Dam,1925,1938
121088,White Lake Dam,1938,1957
121089,Hayes,1979,1990
121090,Marindahl,1954,1972
121091,Dante Lake Dam,1937,1955
121092,Lake Wagner Dam,1937,1965
121093,Cole Dam,1937,1964
121094,Herman Kaubish Dam,1924,1964
121095,George Clark,1949,1964
121096,Wild Rice Creek No. 5,1961,1973
121097,Eblenpowell #2,1964,1974
121098,Watauga Dam,1948,1964
121099,J. Percy Priest Dam,1967,1986
121100,Old Hickory Lock and Dam,1965,1994
121101,Pickwick Landing Dam,1938,1961
121102,Fort Loudoun Dam,1946,1961
121103,Ocoee No. 3 Dam,1942,1972
121104,Ocoee No. 1 Dam,1911,1972
121105,Boone Dam,1952,1964
121106,Fort Patrick Henry Dam,1953,1964
121107,Stillhouse Hollow Dam,1968,1987
121108,Sanford,1965,1980
121109,East Laterals Trinity WS SCS Site 2 Dam,1954,1977
121110,Elm Fork WS SCS Site 11b Dam,1958,1979
121111,Farmer Creek Dam,1961,1972
121112,Hamilton City Lake Dam,1923,1941
121113,Sulphur Creek WS SCS Site 3 Dam,1959,1977
121114,Clear Fork Trinity River WS SCS Site 7 Dam,1955,1969
121115,Lakewood Reservoir Dam,1925,1941
121116,Deep Creek WS SCS Site 8 Dam,1951,1966
121117,Cummins Creek WS SCS Site 6 Dam,1958,1969
121118,Iley Lake Dam,1949,1964
121119,San Diego-Rosita Cks WS SCS Site 1 Dam,1960,1976
121120,Diablo Arroyo WS SCS Site 1 Dam,1960,1970
121121,Escondido Creek WS SCS Site 1 Dam,1954,1975
121122,Santa Fe Railroad Dam,1910,1941
121123,Lake Scarborough Dam,1923,1940
121124,Upper Washita River WS SCS Site 25 Dam,1961,1974
121125,Kerens City Lake Dam,1935,1954
121126,Lake Lawn Dam,1911,1941
121127,Lake Kirby Dam,1928,1941
121128,City of Grand Saline Dam,1925,1938
121129,Xqz Lake Dam,1937,1955
121130,Old Lake Winters City Dam,1945,2013
121131,Lower East Fork Laterals Murphy Lake Dam,1922,1939
121132,Warren Lake Dam,1952,1971
121133,Meridian State Park Lake Dam,1934,1948
121134,Mountain Creek Dam,1950,1961
121135,Chambers Creek WS SCS Site 42 Dam,1966,1976
121136,Gonzales Creek Dam,1949,1970
121137,Vahlsing Lake Dam,1953,1971
121138,Upper Washita River WS SCS Site 21 Dam,1961,1972
121139,Cedar Creek WS SCS Site 50c Dam,1921,1949
121140,Granger Dam,1995,2013
121141,Booby (or Boobe) Hole Reservoir,1865,1940
121142,Indian Creek (Manderfield Reservoir),1898,1940
121143,Rocky Ford (Beaver),1915,1940
121144,Skutumpah,1893,1940
121145,Yankee Meadow,1926,1940
121146,Rocky Ford (Sevier),1890,1940
121148,Echo,1930,1954
121149,Flaming Gorge,1962,2019
121150,East Fork Falling River Dam # 7,1958,1971
121151,East Fork Falling River Dam # 15,1956,1971
121152,Upper North River #77,1966,1976
121153,Mountain Run Dam #11,1959,1971
121154,Radford,1934,1944
121155,McNary Lock and Dam,1951,2013
121156,Lake Aldwell,1913,2010
121157,Lake Mills,1927,2010
121158,Prairie Du Sac,1914,1933
121159,Elk Creek,1926,1941
121160,Twin Parks 7,1964,1975
121161,Bad Axe 33,1965,1976
121162,"Pool #11, Lock and Dam",1938,1953
121163,Galesville Mill,1867,1939
121164,Sutton Dam,1960,1973
121165,Muffie,1971,1988
123189,Holt Lock and Dam,1967,2010
123192,Demopolis Lock and Dam,1979,2010
123195,Robert F. Henry Lock and Dam,1974,2009
123197,Claiborne Lock and Dam,1996,2009
123584,Howell Heflin Lock and Dam,1970,2010
126905,Spring Creek Debris,1963,1979
129065,McCormick-Saeltzer Dam,1912,2000
129154,St. John Dam,1935,2003
151887,Rockdale Dam,1925,2001
151956,Simkins Dam,1900,2010
152206,North Avenue Dam,1835,1997
153449,Dexter Dam,1932,2008
155162,Sugar Creek Lake Dam,2003,2018
155302,Memphis Reservoir Dam,2001,2021
155318,Brookfield Dam,2000,2021
155345,Memphis Lake Dam,2002,2021
155590,Monroe City Dam,2002,2021
163614,"G.V. ""Sonny"" Montgomery Lock and Dam",1976,2010
166524,John Rankin Lock and Dam,1976,2010
183441,Webbers Falls Lock and Dam,1970,2020
188860,LaValle Dam,1851,2001
188911,Milltown Dam,1907,2008
188934,Pawtuxet Falls Dam,1924,2011
192451,Cottonwood Springs Dam,1970,2018
200317,Falcon Dam,1953,2005
206158,Lower Monumental Lock and Dam,1969,2013
206200,Little Goose Lock and Dam,1970,2013
206209,Ice Harbor Lock and Dam,1962,2003
206210,Mill Creek Storage Dam,1942,2009
206211,Lower Granite Lock and Dam,1974,2018
207415,Marmot Dam,1989,2007
240255,Conowingo,1929,2011
268979,Mayfair Lake,1938,1982
274759,John C Boyle,1958,2011
284953,Amistad Dam,1969,2005
344813,Lake Elmer Thomas Dam,1993,2016
345542,Hominy Lake,1940,2016
